patient_ID,drug_date,drug,days_of_supply,class,drug_start_date,drug_end_date,lot_num,type1,type2,gap,flag,type,cumulative_drug_names
PATID_001,2013-12-05,PACLITAXEL,0,CHEMO,2013-12-05,2013-12-05,1,0,0,0,0,0,PACLITAXEL
PATID_001,2013-12-05,CARBOPLATIN,0,CHEMO,2013-12-05,2013-12-05,1,0,1,0,1,1,CARBOPLATIN + PACLITAXEL
PATID_001,2013-12-31,CARBOPLATIN,0,CHEMO,2013-12-31,2013-12-31,1,0,1,26,1,1,CARBOPLATIN + PACLITAXEL
PATID_001,2013-12-31,PACLITAXEL,0,CHEMO,2013-12-31,2013-12-31,1,0,1,0,1,1,CARBOPLATIN + PACLITAXEL
PATID_001,2014-01-10,LETROZOLE,30,HORMO,2014-01-10,2014-02-09,1,0,0,10,0,0,CARBOPLATIN + PACLITAXEL
PATID_001,2014-03-30,CARBOPLATIN,0,CHEMO,2014-03-30,2014-03-30,2,1,0,49,1,1,CARBOPLATIN
PATID_001,2014-03-30,PACLITAXEL,0,CHEMO,2014-03-30,2014-03-30,2,0,1,0,1,1,CARBOPLATIN + PACLITAXEL
PATID_001,2014-10-25,PACLITAXEL,0,CHEMO,2014-10-25,2014-10-25,3,1,0,209,1,1,PACLITAXEL
PATID_001,2014-10-25,CARBOPLATIN,0,CHEMO,2014-10-25,2014-10-25,3,0,1,0,1,1,CARBOPLATIN + PACLITAXEL
PATID_001,2015-01-30,CARBOPLATIN,0,CHEMO,2015-01-30,2015-01-30,4,1,0,97,1,1,CARBOPLATIN
PATID_001,2015-01-30,PACLITAXEL,0,CHEMO,2015-01-30,2015-01-30,4,0,1,0,1,1,CARBOPLATIN + PACLITAXEL
PATID_001,2015-03-19,PACLITAXEL,0,CHEMO,2015-03-19,2015-03-19,5,1,0,48,1,1,PACLITAXEL
PATID_001,2015-03-19,CARBOPLATIN,0,CHEMO,2015-03-19,2015-03-19,5,0,1,0,1,1,CARBOPLATIN + PACLITAXEL
PATID_001,2015-04-30,CARBOPLATIN,0,CHEMO,2015-04-30,2015-04-30,5,0,0,42,1,1,CARBOPLATIN + PACLITAXEL
PATID_001,2015-04-30,PACLITAXEL,0,CHEMO,2015-04-30,2015-04-30,5,0,0,0,1,1,CARBOPLATIN + PACLITAXEL
PATID_001,2015-07-14,CARBOPLATIN,0,CHEMO,2015-07-14,2015-07-14,6,1,0,75,1,1,CARBOPLATIN
PATID_001,2015-07-14,PACLITAXEL,0,CHEMO,2015-07-14,2015-07-14,6,0,1,0,1,1,CARBOPLATIN + PACLITAXEL
PATID_001,2015-09-08,CARBOPLATIN,0,CHEMO,2015-09-08,2015-09-08,7,1,0,56,1,1,CARBOPLATIN
PATID_001,2015-09-08,PACLITAXEL,0,CHEMO,2015-09-08,2015-09-08,7,0,1,0,1,1,CARBOPLATIN + PACLITAXEL
PATID_001,2015-12-29,CARBOPLATIN,0,CHEMO,2015-12-29,2015-12-29,8,1,0,112,1,1,CARBOPLATIN
PATID_001,2015-12-29,PACLITAXEL,0,CHEMO,2015-12-29,2015-12-29,8,0,1,0,1,1,CARBOPLATIN + PACLITAXEL
PATID_001,2016-06-14,CARBOPLATIN,0,CHEMO,2016-06-14,2016-06-14,9,1,0,168,1,1,CARBOPLATIN
PATID_001,2016-06-14,PACLITAXEL,0,CHEMO,2016-06-14,2016-06-14,9,0,1,0,1,1,CARBOPLATIN + PACLITAXEL
PATID_001,2016-10-08,CARBOPLATIN,0,CHEMO,2016-10-08,2016-10-08,10,1,0,116,1,1,CARBOPLATIN
PATID_001,2016-10-08,PACLITAXEL,0,CHEMO,2016-10-08,2016-10-08,10,0,1,0,1,1,CARBOPLATIN + PACLITAXEL
PATID_001,2016-12-29,CARBOPLATIN,0,CHEMO,2016-12-29,2016-12-29,11,1,0,82,1,1,CARBOPLATIN
PATID_001,2016-12-29,PACLITAXEL,0,CHEMO,2016-12-29,2016-12-29,11,0,1,0,1,1,CARBOPLATIN + PACLITAXEL
PATID_001,2017-03-19,PACLITAXEL,0,CHEMO,2017-03-19,2017-03-19,12,1,0,80,1,1,PACLITAXEL
PATID_001,2017-03-19,CARBOPLATIN,0,CHEMO,2017-03-19,2017-03-19,12,0,1,0,1,1,CARBOPLATIN + PACLITAXEL
PATID_001,2017-05-19,PACLITAXEL,0,CHEMO,2017-05-19,2017-05-19,13,1,0,61,1,1,PACLITAXEL
PATID_001,2017-05-19,CARBOPLATIN,0,CHEMO,2017-05-19,2017-05-19,13,0,1,0,1,1,CARBOPLATIN + PACLITAXEL
PATID_001,2017-07-19,PACLITAXEL,0,CHEMO,2017-07-19,2017-07-19,14,1,0,61,1,1,PACLITAXEL
PATID_001,2017-07-19,CARBOPLATIN,0,CHEMO,2017-07-19,2017-07-19,14,0,1,0,1,1,CARBOPLATIN + PACLITAXEL
PATID_001,2018-04-18,LETROZOLE,30,HORMO,2018-04-18,2018-05-18,15,1,0,273,1,1,LETROZOLE
PATID_002,2018-04-18,CARBOPLATIN,0,CHEMO,2018-04-18,2018-04-18,1,0,0,0,0,0,CARBOPLATIN
PATID_003,2018-04-18,PACLITAXEL,0,CHEMO,2018-04-18,2018-04-18,1,0,0,0,0,0,PACLITAXEL
