patient_ID,line_start_date,line_regimen,trgt_category_regimen,line_num
PATID_001,2013-12-05,PACLITAXEL + CARBOPLATIN + LETROZOLE,CHEMO + HORMO,1
PATID_001,2014-03-30,CARBOPLATIN + PACLITAXEL,CHEMO,2
PATID_001,2014-10-25,PACLITAXEL + CARBOPLATIN,CHEMO,3
PATID_001,2015-01-30,CARBOPLATIN + PACLITAXEL,CHEMO,4
PATID_001,2015-03-19,PACLITAXEL + CARBOPLATIN,CHEMO,5
PATID_001,2015-07-14,CARBOPLATIN + PACLITAXEL,CHEMO,6
PATID_001,2015-09-08,CARBOPLATIN + PACLITAXEL,CHEMO,7
PATID_001,2015-12-29,CARBOPLATIN + PACLITAXEL,CHEMO,8
PATID_001,2016-06-14,CARBOPLATIN + PACLITAXEL,CHEMO,9
PATID_001,2016-10-08,CARBOPLATIN + PACLITAXEL,CHEMO,10
PATID_001,2016-12-29,CARBOPLATIN + PACLITAXEL,CHEMO,11
PATID_001,2017-03-19,PACLITAXEL + CARBOPLATIN,CHEMO,12
PATID_001,2017-05-19,PACLITAXEL + CARBOPLATIN,CHEMO,13
PATID_001,2017-07-19,PACLITAXEL + CARBOPLATIN,CHEMO,14
PATID_001,2018-04-18,LETROZOLE,HORMO,15
PATID_002,2018-04-18,CARBOPLATIN,CHEMO,1
PATID_003,2018-04-18,PACLITAXEL,CHEMO,1
