patient_ID,drug_date,drug,days_of_supply,class,drug_start_date,drug_end_date,prev_end_date,gap,lot_num,lot_start_date,type1,type2,flag,type,cumulative_drug_names
PATID_001,12/5/13,PACLITAXEL,0,CHEMO,12/5/13,12/5/13,,0,1,12/5/13,0,0,0,0,CARBOPLATIN + PACLITAXEL
PATID_001,12/5/13,CARBOPLATIN,0,CHEMO,12/5/13,12/5/13,12/5/13,0,1,12/5/13,0,0,0,0,CARBOPLATIN + PACLITAXEL
PATID_001,12/31/13,CARBOPLATIN,0,CHEMO,12/31/13,12/31/13,12/5/13,26,1,12/5/13,0,0,0,0,CARBOPLATIN + PACLITAXEL
PATID_001,12/31/13,PACLITAXEL,0,CHEMO,12/31/13,12/31/13,12/31/13,0,1,12/5/13,0,0,0,0,CARBOPLATIN + PACLITAXEL
PATID_001,1/10/14,LETROZOLE,30,HORMO,1/10/14,2/9/14,12/31/13,10,1,12/5/13,0,0,0,0,CARBOPLATIN + LETROZOLE + PACLITAXEL
PATID_001,3/30/14,CARBOPLATIN,0,CHEMO,3/30/14,3/30/14,2/9/14,49,2,3/30/14,1,1,1,1,CARBOPLATIN + PACLITAXEL
PATID_001,3/30/14,PACLITAXEL,0,CHEMO,3/30/14,3/30/14,3/30/14,0,2,3/30/14,0,0,1,1,CARBOPLATIN + PACLITAXEL
PATID_001,10/25/14,PACLITAXEL,0,CHEMO,10/25/14,10/25/14,3/30/14,209,3,10/25/14,1,0,1,1,CARBOPLATIN + PACLITAXEL
PATID_001,10/25/14,CARBOPLATIN,0,CHEMO,10/25/14,10/25/14,10/25/14,0,3,10/25/14,0,0,1,1,CARBOPLATIN + PACLITAXEL
PATID_001,1/30/15,CARBOPLATIN,0,CHEMO,1/30/15,1/30/15,10/25/14,97,4,1/30/15,1,0,1,1,CARBOPLATIN + PACLITAXEL
PATID_001,1/30/15,PACLITAXEL,0,CHEMO,1/30/15,1/30/15,1/30/15,0,4,1/30/15,0,0,1,1,CARBOPLATIN + PACLITAXEL
PATID_001,3/19/15,PACLITAXEL,0,CHEMO,3/19/15,3/19/15,1/30/15,48,5,3/19/15,1,0,1,1,CARBOPLATIN + PACLITAXEL
PATID_001,3/19/15,CARBOPLATIN,0,CHEMO,3/19/15,3/19/15,3/19/15,0,5,3/19/15,0,0,1,1,CARBOPLATIN + PACLITAXEL
PATID_001,4/30/15,CARBOPLATIN,0,CHEMO,4/30/15,4/30/15,3/19/15,42,5,3/19/15,0,0,1,1,CARBOPLATIN + PACLITAXEL
PATID_001,4/30/15,PACLITAXEL,0,CHEMO,4/30/15,4/30/15,4/30/15,0,5,3/19/15,0,0,1,1,CARBOPLATIN + PACLITAXEL
PATID_001,7/14/15,CARBOPLATIN,0,CHEMO,7/14/15,7/14/15,4/30/15,75,6,7/14/15,1,0,1,1,CARBOPLATIN + PACLITAXEL
PATID_001,7/14/15,PACLITAXEL,0,CHEMO,7/14/15,7/14/15,7/14/15,0,6,7/14/15,0,0,1,1,CARBOPLATIN + PACLITAXEL
PATID_001,9/8/15,CARBOPLATIN,0,CHEMO,9/8/15,9/8/15,7/14/15,56,7,9/8/15,1,0,1,1,CARBOPLATIN + PACLITAXEL
PATID_001,9/8/15,PACLITAXEL,0,CHEMO,9/8/15,9/8/15,9/8/15,0,7,9/8/15,0,0,1,1,CARBOPLATIN + PACLITAXEL
PATID_001,12/29/15,CARBOPLATIN,0,CHEMO,12/29/15,12/29/15,9/8/15,112,8,12/29/15,1,0,1,1,CARBOPLATIN + PACLITAXEL
PATID_001,12/29/15,PACLITAXEL,0,CHEMO,12/29/15,12/29/15,12/29/15,0,8,12/29/15,0,0,1,1,CARBOPLATIN + PACLITAXEL
PATID_001,6/14/16,CARBOPLATIN,0,CHEMO,6/14/16,6/14/16,12/29/15,168,9,6/14/16,1,0,1,1,CARBOPLATIN + PACLITAXEL
PATID_001,6/14/16,PACLITAXEL,0,CHEMO,6/14/16,6/14/16,6/14/16,0,9,6/14/16,0,0,1,1,CARBOPLATIN + PACLITAXEL
PATID_001,10/8/16,CARBOPLATIN,0,CHEMO,10/8/16,10/8/16,6/14/16,116,10,10/8/16,1,0,1,1,CARBOPLATIN + PACLITAXEL
PATID_001,10/8/16,PACLITAXEL,0,CHEMO,10/8/16,10/8/16,10/8/16,0,10,10/8/16,0,0,1,1,CARBOPLATIN + PACLITAXEL
PATID_001,12/29/16,CARBOPLATIN,0,CHEMO,12/29/16,12/29/16,10/8/16,82,11,12/29/16,1,0,1,1,CARBOPLATIN + PACLITAXEL
PATID_001,12/29/16,PACLITAXEL,0,CHEMO,12/29/16,12/29/16,12/29/16,0,11,12/29/16,0,0,1,1,CARBOPLATIN + PACLITAXEL
PATID_001,3/19/17,PACLITAXEL,0,CHEMO,3/19/17,3/19/17,12/29/16,80,12,3/19/17,1,0,1,1,CARBOPLATIN + PACLITAXEL
PATID_001,3/19/17,CARBOPLATIN,0,CHEMO,3/19/17,3/19/17,3/19/17,0,12,3/19/17,0,0,1,1,CARBOPLATIN + PACLITAXEL
PATID_001,5/19/17,PACLITAXEL,0,CHEMO,5/19/17,5/19/17,3/19/17,61,13,5/19/17,1,0,1,1,CARBOPLATIN + PACLITAXEL
PATID_001,5/19/17,CARBOPLATIN,0,CHEMO,5/19/17,5/19/17,5/19/17,0,13,5/19/17,0,0,1,1,CARBOPLATIN + PACLITAXEL
PATID_001,7/19/17,PACLITAXEL,0,CHEMO,7/19/17,7/19/17,5/19/17,61,14,7/19/17,1,0,1,1,CARBOPLATIN + PACLITAXEL
PATID_001,7/19/17,CARBOPLATIN,0,CHEMO,7/19/17,7/19/17,7/19/17,0,14,7/19/17,0,0,1,1,CARBOPLATIN + PACLITAXEL
PATID_001,4/18/18,LETROZOLE,30,HORMO,4/18/18,5/18/18,7/19/17,273,15,4/18/18,1,1,1,1,LETROZOLE
PATID_002,4/18/18,CARBOPLATIN,0,CHEMO,4/18/18,4/18/18,,0,1,4/18/18,0,0,0,0,CARBOPLATIN
PATID_003,4/18/18,PACLITAXEL,0,CHEMO,4/18/18,4/18/18,,0,1,4/18/18,0,0,0,0,PACLITAXEL