patient_ID,line_num,line_start_date,line_regimen,trgt_category_regimen
PATID_001,1,2013-12-05,PACLITAXEL + LETROZOLE + CARBOPLATIN,CHEMO + HORMO
PATID_001,2,2014-03-30,PACLITAXEL + CARBOPLATIN,CHEMO
PATID_001,3,2014-10-25,PACLITAXEL + CARBOPLATIN,CHEMO
PATID_001,4,2015-01-30,PACLITAXEL + CARBOPLATIN,CHEMO
PATID_001,5,2015-03-19,PACLITAXEL + CARBOPLATIN,CHEMO
PATID_001,6,2015-07-14,PACLITAXEL + CARBOPLATIN,CHEMO
PATID_001,7,2015-09-08,PACLITAXEL + CARBOPLATIN,CHEMO
PATID_001,8,2015-12-29,PACLITAXEL + CARBOPLATIN,CHEMO
PATID_001,9,2016-06-14,PACLITAXEL + CARBOPLATIN,CHEMO
PATID_001,10,2016-10-08,PACLITAXEL + CARBOPLATIN,CHEMO
PATID_001,11,2016-12-29,PACLITAXEL + CARBOPLATIN,CHEMO
PATID_001,12,2017-03-19,PACLITAXEL + CARBOPLATIN,CHEMO
PATID_001,13,2017-05-19,PACLITAXEL + CARBOPLATIN,CHEMO
PATID_001,14,2017-07-19,PACLITAXEL + CARBOPLATIN,CHEMO
PATID_001,15,2018-04-18,LETROZOLE,HORMO
PATID_002,1,2018-04-18,CARBOPLATIN,CHEMO
PATID_003,1,2018-04-18,PACLITAXEL,CHEMO
